id,firstName,middleName,lastName,age,gender,address,isMember,created_at
66a2200f6765546709aecc9e,Armani,Viviane Buckridge,Armstrong,40,M,Tabaco Albay,True,2024-07-25 09:51:11.292000
66e557510d370d24324b38cb,Dockie,Duckie,Boones,40,M,Evergreen Fields Day,True,2024-09-14 09:28:49.040000
66e394ff0036f46f183a609f,DrVote,DV,Clark,40,O,Naga City,False,2024-09-13 09:27:27.336000
67315d95010d1f46fd8404cd,Liezl,Fernandez,Comia,38,F,Batangas City,True,2024-11-11 01:27:49.604000
66def7110036f46f183a607c,Dvote,Mr,Doctor,35,F,Blk6 lot 2 Mercedes St. Villa Corazon Subd I,True,2024-09-09 21:24:33.091000
66af2a240d2abf56b4d1de67,Test,M,DoctorZ,40,O,Albay,True,2024-08-04 07:13:40.978000
66adde2cdb39f58acb7eee09,Delaney,Doe,Quibodeaux,20,M,53628 Hahn-Lang Plains,True,2024-08-03 07:37:16.877000
66c40e28a1cdda302151cf9f,Mary,Main,Roselle,45,F,Naga City Camarines sur,True,2024-08-20 11:31:52.703000
66ced0fe0036f46f183a5f31,MARY SYLA,S,SURTIDA,45,F,LEGAZPI,True,2024-08-28 15:25:50.576000
66adddf5db39f58acb7eee08,Riley,Wasser,Scriver,30,M,602 Bernita Key,False,2024-08-03 07:36:21.902000
66addeb1db39f58acb7eee0a,Aidan,Sidney,Wasser,24,F,602 Bernita Key,True,2024-08-03 07:39:29.881000
66b8f3db1e02b764b4bf6eab,Xander,Yulo,Zara,35,M,Naga City,False,2024-08-12 01:24:43.189000
667256fc959a0ea11628f6f6,quack,quack,quack,20,M,address,False,2024-06-19 03:56:44.037000
66725544959a0ea11628f6f0,Doctor,doctor,quackkk,20,F,address,True,2024-06-19 03:49:24.811000
